source_domain,canonical_url,review_label,review_basis
"daragadir.com","https://daragadir.com/annonces/annonces-immobilieres/location/appartements-a-louer-a-agadir/a-louer-appartement-2-pieces-de-70-m%c2%b2-a-hay-salam-agadir-2-500-dh.html","LISTING","detail hierarchy + transaction + terminal html slug"
"daragadir.com","https://daragadir.com/annonces/annonces-immobilieres/location-de-vacances/appartements-pour-location-de-vacances-a-agadir/locations-de-vacances-a-agadir-studio-meuble-avec-wi-fi-a-hay-dakhlast-appartements-3-1-250-dh.html","LISTING","detail hierarchy + transaction + terminal html slug"
"daragadir.com","https://daragadir.com/annonces/annonces-immobilieres/vente/appartements-a-vendre-a-agadir/appartements-de-luxe-a-vendre-a-agadir-hay-al-farah-2-chambres-78-m%c2%b2-a-880-000-dh.html","LISTING","detail hierarchy + transaction + terminal html slug"
"daragadir.com","https://daragadir.com/annonces/annonces-immobilieres/vente/terrains-et-fermes-a-vendre-a-agadir/terrain-r3-a-hay-mohammadi-agadir-4-700-000-dh.html","LISTING","detail hierarchy + transaction + terminal html slug"
"daragadir.com","https://daragadir.com/annonces/annonces-immobilieres/location-de-vacances/villas-et-riads-pour-location-de-vacances-a-agadir/locations-de-vacances-sur-mesure-a-agadir-villas-et-riads-a-louer-au-coeur-de-la-ville-demandez-le-prix.html","LISTING","detail hierarchy + transaction + terminal html slug"
"daragadir.com","https://daragadir.com/annonces/annonces-immobilieres/vente/terrains-et-fermes-a-vendre-a-agadir/a-vendre-terrain-commercial-a-tagadirt-agadir-prix-en-hausse-a-1-450-000-dh.html","LISTING","detail hierarchy + transaction + terminal html slug"
"daragadir.com","https://daragadir.com/annonces/annonces-immobilieres/vente/appartements-a-vendre-a-agadir/annonces-immobilieres-a-agadir-appartement-familial-de-56-m%c2%b2-a-hay-salam-2-chambres-au-prix-de-460-000-dh.html","LISTING","detail hierarchy + transaction + terminal html slug"
"daragadir.com","https://daragadir.com/annonces/annonces-immobilieres/vente/locaux-a-vendre-a-agadir/magasin-a-vendre-mosquee-mouad-ibn-jabal-115-000-dh-agadir.html","LISTING","detail hierarchy + transaction + terminal html slug"
"daragadir.com","https://daragadir.com/annonces/annonces-immobilieres/vente/locaux-a-vendre-a-agadir/a-vendre-local-commercial-sans-contraintes-a-agadir-hay-mohammadi-renseignez-vous-sur-le-prix.html","LISTING","detail hierarchy + transaction + terminal html slug"
"daragadir.com","https://daragadir.com/annonces/annonces-immobilieres/vente/appartements-a-vendre-a-agadir/appartement-a-vendre-a-agadir-hay-mohammadi-2-pieces-50-m%c2%b2-500-000-dh.html","LISTING","detail hierarchy + transaction + terminal html slug"
"daragadir.com","https://daragadir.com/annonces/annonces-immobilieres/location/villas-et-riads-a-louer-a-agadir/annonces-immobilieres-8-villas-et-riads-a-louer-a-agadir-tilila-a-partir-de-8-000-dh-pour-5-chambres.html","LISTING","detail hierarchy + transaction + terminal html slug"
"daragadir.com","https://daragadir.com/annonces/annonces-immobilieres/vente/maisons-a-vendre-a-agadir/a-vendre-maison-de-100-m%C2%B2-a-orir-agadir-1-600-000-dh.html","LISTING","detail hierarchy + transaction + terminal html slug"
"daragadir.com","https://daragadir.com/annonces/annonces-immobilieres/location-de-vacances/appartements-pour-location-de-vacances-a-agadir/locations-de-vacances-a-agadir-petit-appartement-a-haut-founty-3-chambres-disponibles-demandez-le-prix.html","LISTING","detail hierarchy + transaction + terminal html slug"
"daragadir.com","https://daragadir.com/annonces/annonces-immobilieres/vente/bureaux-a-vendre-a-agadir/bureaux-a-vendre-a-agadir-hay-mohammadi-800-dh.html","LISTING","detail hierarchy + transaction + terminal html slug"
"daragadir.com","https://daragadir.com/annonces/annonces-immobilieres/location-de-vacances/appartements-pour-location-de-vacances-a-agadir/locations-de-vacances-a-agadir-appartement-familial-a-el-houda-a-louer-pour-150-dh-5-personnes-2-chambres.html","LISTING","detail hierarchy + transaction + terminal html slug"
"daragadir.com","https://daragadir.com/annonces/annonces-immobilieres/location-de-vacances/appartements-pour-location-de-vacances-a-agadir/locations-de-vacances-a-agadir-appartements-avec-wi-fi-a-partir-de-3-250-dh-pour-5-personnes-al-wifaq.html","LISTING","detail hierarchy + transaction + terminal html slug"
"daragadir.com","https://daragadir.com/annonces/annonces-immobilieres/location/magasins-et-commerces-a-louer-a-agadir/local-commercial-a-vendre-a-agadir-hay-salam-fond-de-commerce-a-6-500-dh.html","LISTING","detail hierarchy + transaction + terminal html slug"
"daragadir.com","https://daragadir.com/annonces/annonces-immobilieres/vente/maisons-a-vendre-a-agadir/a-vendre-a-agadir-maison-titree-de-238-m%c2%b2-4-chambres-3-salles-de-bain-1-790-000-dh-cite-adrar.html","LISTING","detail hierarchy + transaction + terminal html slug"
"daragadir.com","https://daragadir.com/annonces/annonces-immobilieres/vente/appartements-a-vendre-a-agadir/a-vendre-appartement-105-m%c2%b2-2-chambres-hay-mohammadi-agadir-1-150-000-dh.html","LISTING","detail hierarchy + transaction + terminal html slug"
"daragadir.com","https://daragadir.com/annonces/annonces-immobilieres/vente/appartements-a-vendre-a-agadir/appartement-a-vendre-a-agadir-hay-salam-52-m%c2%b2-2-chambres-au-2e-etage-500-000-dh.html","LISTING","detail hierarchy + transaction + terminal html slug"
"daragadir.com","https://daragadir.com/annonces/annonces-immobilieres/location/villas-et-riads-a-louer-a-agadir/villas-et-riads-a-agadir-illigh-location-dune-villa-5-pieces-de-250-m%c2%b2-pour-1-500-dh-a-agadir.html","LISTING","detail hierarchy + transaction + terminal html slug"
"daragadir.com","https://daragadir.com/annonces/annonces-immobilieres/vente/maisons-a-vendre-a-agadir/maisons-a-vendre-a-agadir-lekhia-maison-a-el-gouira-3-chambres-56-m%C2%B2-demandez-le-prix-agadir.html","LISTING","detail hierarchy + transaction + terminal html slug"
"daragadir.com","https://daragadir.com/annonces/annonces-immobilieres/vente/maisons-a-vendre-a-agadir/maison-a-vendre-219-m%c2%b2-a-agadir-les-amicales-6-chambres-4-salles-de-bain-1-800-000-dh.html","LISTING","detail hierarchy + transaction + terminal html slug"
"daragadir.com","https://daragadir.com/annonces/annonces-immobilieres/location-de-vacances/appartements-pour-location-de-vacances-a-agadir/locations-de-vacances-a-agadir-appartement-a-louer-a-hay-adrar-4-pieces-a-3-400-dh.html","LISTING","detail hierarchy + transaction + terminal html slug"
"daragadir.com","https://daragadir.com/annonces/annonces-immobilieres/location-de-vacances/appartements-pour-location-de-vacances-a-agadir/locations-de-vacances-a-agadir-cite-adrar-appartements-familiaux-4-pieces-a-2-400-dh.html","LISTING","detail hierarchy + transaction + terminal html slug"
"promoimmomarrakech.com","https://promoimmomarrakech.com/produit/vvm-142/vente-villa-marrakech-route-ouarzazate.html","LISTING","product detail + stable reference + transaction slug"
"promoimmomarrakech.com","https://promoimmomarrakech.com/produit/allm-1078/location-appartement-marrakech-route-casablanca.html","LISTING","product detail + stable reference + transaction slug"
"promoimmomarrakech.com","https://promoimmomarrakech.com/produit/mv-182/vente-magasin-marrakech-mabrouka.html","LISTING","product detail + stable reference + transaction slug"
"promoimmomarrakech.com","https://promoimmomarrakech.com/produit/ml-245/location-magasin-marrakech-izdihar.html","LISTING","product detail + stable reference + transaction slug"
"promoimmomarrakech.com","https://promoimmomarrakech.com/produit/rvv-71/vente-riad-marrakech-medina.html","LISTING","product detail + stable reference + transaction slug"
"promoimmomarrakech.com","https://promoimmomarrakech.com/produit/trv-311/vente-terrain-marrakech-route-fes.html","LISTING","product detail + stable reference + transaction slug"
"promoimmomarrakech.com","https://promoimmomarrakech.com/produit/mv-155/vente-magasin-marrakech-hivernage.html","LISTING","product detail + stable reference + transaction slug"
"promoimmomarrakech.com","https://promoimmomarrakech.com/produit/trv-599/vente-terrain-marrakech-route-sidi-abdellah-ghiat.html","LISTING","product detail + stable reference + transaction slug"
"promoimmomarrakech.com","https://promoimmomarrakech.com/produit/vvm-108/vente-villa-marrakech-route-fes.html","LISTING","product detail + stable reference + transaction slug"
"promoimmomarrakech.com","https://promoimmomarrakech.com/produit/allm-1074/location-appartement-marrakech-gueliz.html","LISTING","product detail + stable reference + transaction slug"
"promoimmomarrakech.com","https://promoimmomarrakech.com/produit/vlc-37/location-villa-marrakech-route-tahanaout.html","LISTING","product detail + stable reference + transaction slug"
"promoimmomarrakech.com","https://promoimmomarrakech.com/produit/allm-620/location-appartement-marrakech-gueliz.html","LISTING","product detail + stable reference + transaction slug"
"promoimmomarrakech.com","https://promoimmomarrakech.com/produit/ml-89/location-magasin-marrakech-av-moulay-abdallah.html","LISTING","product detail + stable reference + transaction slug"
"promoimmomarrakech.com","https://promoimmomarrakech.com/produit/alc-129/location-sjour-appartement-marrakech-gueliz.html","LISTING","product detail + stable reference + transaction slug"
"promoimmomarrakech.com","https://promoimmomarrakech.com/produit/ml-147/location-magasin-marrakech-smlalia.html","LISTING","product detail + stable reference + transaction slug"
"promoimmomarrakech.com","https://promoimmomarrakech.com/produit/ml-211/location-magasin-marrakech-al-masar.html","LISTING","product detail + stable reference + transaction slug"
"promoimmomarrakech.com","https://promoimmomarrakech.com/produit/cv-112/vente-commerce-marrakech-gueliz.html","LISTING","product detail + stable reference + transaction slug"
"promoimmomarrakech.com","https://promoimmomarrakech.com/produit/mv-191/vente-magasin-marrakech-sidi-ghanem.html","LISTING","product detail + stable reference + transaction slug"
"promoimmomarrakech.com","https://promoimmomarrakech.com/produit/vvv-304/vente-villa-marrakech-route-ourika.html","LISTING","product detail + stable reference + transaction slug"
"promoimmomarrakech.com","https://promoimmomarrakech.com/produit/cv-33/vente-commerce-marrakech-gueliz.html","LISTING","product detail + stable reference + transaction slug"
"promoimmomarrakech.com","https://promoimmomarrakech.com/produit/rvm-91/vente-riad-marrakech-medina.html","LISTING","product detail + stable reference + transaction slug"
"promoimmomarrakech.com","https://promoimmomarrakech.com/produit/bl-158/location-bureau-marrakech-gueliz.html","LISTING","product detail + stable reference + transaction slug"
"promoimmomarrakech.com","https://promoimmomarrakech.com/produit/ml-47/location-magasin-marrakech-gueliz.html","LISTING","product detail + stable reference + transaction slug"
"promoimmomarrakech.com","https://promoimmomarrakech.com/produit/rvv-107/vente-riad-marrakech-bab-doukala.html","LISTING","product detail + stable reference + transaction slug"
"promoimmomarrakech.com","https://promoimmomarrakech.com/produit/mv-187/vente-magasin-marrakech-gueliz.html","LISTING","product detail + stable reference + transaction slug"
"aykana.ma","https://aykana.ma/property/vente-fond-de-commerce-rabat-hay-riad-ref-1030","LISTING","property detail + stable ref id"
"aykana.ma","https://aykana.ma/property/vente-appartement-rabat-bas-agdal-ref-3071","LISTING","property detail + stable ref id"
"aykana.ma","https://aykana.ma/property/location-rdc-de-villa-bureau-usage-professionnel-hay-riad-rabat-ref-4269","LISTING","property detail + stable ref id"
"aykana.ma","https://aykana.ma/property/vente-ferme-benslimane-ref-3624","LISTING","property detail + stable ref id"
"aykana.ma","https://aykana.ma/property/location-appartement-rabat-hay-riad-prestigia-ref-4200","LISTING","property detail + stable ref id"
"aykana.ma","https://aykana.ma/property/vente-fond-de-commerce-rabat-agdal-ref-1658","LISTING","property detail + stable ref id"
"aykana.ma","https://aykana.ma/property/location-appartement-meuble-de-prestige-a-marina-sale-ref-4091","LISTING","property detail + stable ref id"
"aykana.ma","https://aykana.ma/property/location-bureau-rabat-agdal-ref-2373","LISTING","property detail + stable ref id"
"aykana.ma","https://aykana.ma/property/vente-villa-sale-sidi-allal-el-bahraoui-ref-1145","LISTING","property detail + stable ref id"
"aykana.ma","https://aykana.ma/property/vente-appartement-duplex-a-rabat-hay-riad-ref-4299","LISTING","property detail + stable ref id"
"aykana.ma","https://aykana.ma/property/appartement-meuble-a-louer-hay-riyad-prestigia-ref-4308","LISTING","property detail + stable ref id"
"aykana.ma","https://aykana.ma/property/vente-villa-tetouan-mdiq-tamouda-bay-ref-3329","LISTING","property detail + stable ref id"
"aykana.ma","https://aykana.ma/property/vente-terrain-tamesna-ref-683","LISTING","property detail + stable ref id"
"aykana.ma","https://aykana.ma/property/vente-appartement-en-exclusivite-a-rabat-hay-riad-ref-4236","LISTING","property detail + stable ref id"
"aykana.ma","https://aykana.ma/property/appartement-meuble-a-louer-a-harhoura-ref-4243","LISTING","property detail + stable ref id"
"aykana.ma","https://aykana.ma/property/location-appartement-neuf-rabat-souissi-orangeraie-ref-4307","LISTING","property detail + stable ref id"
"aykana.ma","https://aykana.ma/property/location-apartement-meuble-bouznika-ref-285","LISTING","property detail + stable ref id"
"aykana.ma","https://aykana.ma/property/location-bureau-en-exclusivite-a-hassan-rabat-ref-4241","LISTING","property detail + stable ref id"
"aykana.ma","https://aykana.ma/property/vente-appartement-rdj-hay-riad-rabat-ref-4159","LISTING","property detail + stable ref id"
"aykana.ma","https://aykana.ma/property/location-appartement-meuble-rabat-bas-agdal-ref-2523","LISTING","property detail + stable ref id"
"aykana.ma","https://aykana.ma/property/location-appartement-el-menzeh-ref-4198","LISTING","property detail + stable ref id"
"aykana.ma","https://aykana.ma/property/location-appartement-rabat-hay-riad-mahaj-riad-ref-3860","LISTING","property detail + stable ref id"
"aykana.ma","https://aykana.ma/property/location-appartement-rabat-souissi-orangeraie-ref-4301","LISTING","property detail + stable ref id"
"aykana.ma","https://aykana.ma/property/vente-appartement-rabat-agdal-ref-2240","LISTING","property detail + stable ref id"
"aykana.ma","https://aykana.ma/property/location-appartement-meublee-a-harhoura-ref-4274","LISTING","property detail + stable ref id"
"limmobiliersansfrontieres.com","https://limmobiliersansfrontieres.com/property/appartement-residentiel-a-vendre-227m%c2%b2-victor-hugo","LISTING","singular property path + property type + transaction"
"limmobiliersansfrontieres.com","https://limmobiliersansfrontieres.com/property/appartement-meuble-de-80-m%c2%b2-a-louer-targa-marrakech","LISTING","singular property path + property type + transaction"
"limmobiliersansfrontieres.com","https://limmobiliersansfrontieres.com/property/appartement-vide-a-vendre-boulevard-allal-el-fassi","LISTING","singular property path + property type + transaction"
"limmobiliersansfrontieres.com","https://limmobiliersansfrontieres.com/property/terrain-a-vendre-600m%c2%b2-hay-al-massar","LISTING","singular property path + property type + transaction"
"limmobiliersansfrontieres.com","https://limmobiliersansfrontieres.com/property/appartement-moderne-a-vendre-avec-vue-sur-piscine-103-m%c2%b2-a-la-palmeraie","LISTING","singular property path + property type + transaction"
"limmobiliersansfrontieres.com","https://limmobiliersansfrontieres.com/property/villa-vide-a-vendre-piscine-et-jardin-privee-route-dourika-km17","LISTING","singular property path + property type + transaction"
"limmobiliersansfrontieres.com","https://limmobiliersansfrontieres.com/property/appartement-vide-a-vendre-vue-sur-golf-prestigia","LISTING","singular property path + property type + transaction"
"limmobiliersansfrontieres.com","https://limmobiliersansfrontieres.com/property/appartement-a-vendre-vide-90-m%c2%b2-3%e1%b5%89-etage-azzouzia","LISTING","singular property path + property type + transaction"
"limmobiliersansfrontieres.com","https://limmobiliersansfrontieres.com/property/terrain-titre-ra-a-vendre-de-1-hectare-route-ourika-km15-marrakech","LISTING","singular property path + property type + transaction"
"limmobiliersansfrontieres.com","https://limmobiliersansfrontieres.com/property/terrain-a-vendre-route-de-casablanca-marrakech","LISTING","singular property path + property type + transaction"
"limmobiliersansfrontieres.com","https://limmobiliersansfrontieres.com/property/bureau-57-m%c2%b2-a-vendre-a-gueliz","LISTING","singular property path + property type + transaction"
"limmobiliersansfrontieres.com","https://limmobiliersansfrontieres.com/property/villa-vide-a-vendre-350m%c2%b2-piscine-et-jardin-prives-targa","LISTING","singular property path + property type + transaction"
"limmobiliersansfrontieres.com","https://limmobiliersansfrontieres.com/property/appartement-vide-a-vendre-a-targa-marrakech-69-m%c2%b2","LISTING","singular property path + property type + transaction"
"limmobiliersansfrontieres.com","https://limmobiliersansfrontieres.com/property/terrain-de-10-hectares-sd1-a-vendre-route-de-lourika","LISTING","singular property path + property type + transaction"
"limmobiliersansfrontieres.com","https://limmobiliersansfrontieres.com/property/appartement-meuble-avec-piscine-privee-a-vendre-gueliz","LISTING","singular property path + property type + transaction"
"limmobiliersansfrontieres.com","https://limmobiliersansfrontieres.com/property/appartement-spacieux-a-vendre-136-m%c2%b2-bd-abdelkrim-el-khattabi","LISTING","singular property path + property type + transaction"
"limmobiliersansfrontieres.com","https://limmobiliersansfrontieres.com/property/appartement-meuble-avec-piscine-a-vendre-gueliz-marrakech","LISTING","singular property path + property type + transaction"
"limmobiliersansfrontieres.com","https://limmobiliersansfrontieres.com/property/appartement-neuf-meuble-a-louer-sur-la-route-de-casablanca","LISTING","singular property path + property type + transaction"
"limmobiliersansfrontieres.com","https://limmobiliersansfrontieres.com/property/terrain-titre-sd1-a-vendre-1-hectare-1006m%c2%b2-route-ourika-km-10-marrakech","LISTING","singular property path + property type + transaction"
"limmobiliersansfrontieres.com","https://limmobiliersansfrontieres.com/property/appartement-meuble-a-louer-60m%c2%b2-targa","LISTING","singular property path + property type + transaction"
"limmobiliersansfrontieres.com","https://limmobiliersansfrontieres.com/property/villa-vide-a-louer-residence-securisee-targa-2","LISTING","singular property path + property type + transaction"
"limmobiliersansfrontieres.com","https://limmobiliersansfrontieres.com/property/terrain-sa2-a-vendre-de-1-hectare-route-de-fes-marrakech","LISTING","singular property path + property type + transaction"
"limmobiliersansfrontieres.com","https://limmobiliersansfrontieres.com/property/duplex-de-113-m%c2%b2-meuble-a-louer-avec-piscine-collective-targa","LISTING","singular property path + property type + transaction"
"limmobiliersansfrontieres.com","https://limmobiliersansfrontieres.com/property/villa-meublee-de-144-m%c2%b2-avec-2-jardins-prives-a-vendre-a-afaq","LISTING","singular property path + property type + transaction"
"limmobiliersansfrontieres.com","https://limmobiliersansfrontieres.com/property/superbe-villa-meublee-a-louer-avec-piscine-privee-route-ourika-km-17","LISTING","singular property path + property type + transaction"
